"Center City","Rural","Urban"
2.04749119519519,0.58519844123637,2.16439043437778
0.332823926968367,0.366041333732591,0.370393284139852
